epoch,step,train_loss,val_loss
0,195,,0.0015364883001893759
0,195,0.0027651535347104073,
1,391,,0.00021096055570524186
1,391,0.00034571581636555493,
2,587,,0.00013852807751391083
2,587,0.00020933127962052822,
3,783,,0.00014182498853188008
3,783,0.00015917875862214714,
4,979,,9.838110418058932e-05
4,979,0.00014683943300042301,
