epoch,step,train_loss,val_loss
0,195,,0.0007778170984238386
0,195,0.0023155028466135263,
1,391,,0.0001680536661297083
1,391,0.00024397109518758953,
2,587,,0.00015716991038061678
2,587,0.00018255501345265657,
3,783,,0.0001463299704482779
3,783,0.00015953239926602691,
4,979,,9.574733849149197e-05
4,979,0.0001420394255546853,
5,1175,,8.890720346244052e-05
5,1175,0.00013598817167803645,
