epoch,step,train_loss,val_loss
0,195,,0.0006349635659717023
0,195,0.0013976717600598931,
1,391,,0.00035835959715768695
1,391,0.00033344663097523153,
2,587,,0.00013998901704326272
2,587,0.00021371737238951027,
3,783,,0.00010589295561658219
3,783,0.000163686738233082,
4,979,,0.00010441759513923898
4,979,0.0001424944057362154,
