epoch,step,train_loss,val_loss
0,195,,0.00043265687418170273
0,195,0.0019675397779792547,
1,391,,0.00017932023911271244
1,391,0.00023484995472244918,
2,587,,0.00010960004146909341
2,587,0.00017042721447069198,
3,783,,0.00010335139086237177
3,783,0.00014648596697952598,
4,979,,8.730799163458869e-05
4,979,0.00014003607793711126,
5,1175,,8.236114808823913e-05
5,1175,0.0001294397807214409,
