epoch,step,train_loss,val_loss
0,195,,0.0007584512350149453
0,195,0.002953610150143504,
1,391,,0.0002569519856479019
1,391,0.00032354751601815224,
2,587,,0.00026573281502351165
2,587,0.00019903686188627034,
3,783,,0.00011586620530579239
3,783,0.00016554332978557795,
4,979,,9.869706991594285e-05
4,979,0.00014728325186297297,
