epoch,step,train_loss,val_loss
0,195,,0.0004962785169482231
0,195,0.0013729515485465527,
1,391,,0.0002493332722224295
1,391,0.00024075590772554278,
2,587,,0.0001434736914234236
2,587,0.00017452739120926708,
3,783,,0.00019671041809488088
3,783,0.00014519051183015108,
4,979,,9.263979154638946e-05
4,979,0.00013237044913694263,
5,1175,,8.5511252109427e-05
5,1175,0.00012507707288023084,
