epoch,step,train_loss,val_loss
0,195,,0.0010778906289488077
0,195,0.0014666342176496983,
1,391,,0.00020596993272192776
1,391,0.0002347023255424574,
2,587,,0.0001889383711386472
2,587,0.0001672245271038264,
3,783,,0.00014483070117421448
3,783,0.00013747192861046642,
4,979,,9.2705013230443e-05
4,979,0.000123490986879915,
