epoch,step,train_loss,val_loss
0,195,,0.0003587287792470306
0,195,0.0019822963513433933,
1,391,,0.00028646367718465626
1,391,0.00024267396656796336,
2,587,,0.00012966227950528264
2,587,0.00016933355072978884,
3,783,,9.22843610169366e-05
3,783,0.00014485284918919206,
4,979,,8.126375178107992e-05
4,979,0.0001298509887419641,
